Metric,Value
design__lint_error__count,0
design__lint_timing_construct__count,0
design__lint_warning__count,1
design__inferred_latch__count,0
design__instance__count,2547
design__instance__area,28941.5
design__instance_unmapped__count,0
synthesis__check_error__count,0
design__max_slew_violation__count__corner:nom_fast_1p32V_m40C,0
design__max_fanout_violation__count__corner:nom_fast_1p32V_m40C,1
design__max_cap_violation__count__corner:nom_fast_1p32V_m40C,0
power__internal__total,0.0010691126808524132
power__switching__total,0.0004054676683153957
power__leakage__total,5.797216999781085E-7
power__total,0.0014751601265743375
clock__skew__worst_hold__corner:nom_fast_1p32V_m40C,-0.26414848833694027
clock__skew__worst_setup__corner:nom_fast_1p32V_m40C,0.26531749770378116
timing__hold__ws__corner:nom_fast_1p32V_m40C,0.12581308573286767
timing__setup__ws__corner:nom_fast_1p32V_m40C,13.89669751939532
timing__hold__tns__corner:nom_fast_1p32V_m40C,0.0
timing__setup__tns__corner:nom_fast_1p32V_m40C,0.0
timing__hold__wns__corner:nom_fast_1p32V_m40C,0
timing__setup__wns__corner:nom_fast_1p32V_m40C,0.0
timing__hold_vio__count__corner:nom_fast_1p32V_m40C,0
timing__hold_r2r__ws__corner:nom_fast_1p32V_m40C,0.125813
timing__hold_r2r_vio__count__corner:nom_fast_1p32V_m40C,0
timing__setup_vio__count__corner:nom_fast_1p32V_m40C,0
timing__setup_r2r__ws__corner:nom_fast_1p32V_m40C,17.403250
timing__setup_r2r_vio__count__corner:nom_fast_1p32V_m40C,0
design__max_slew_violation__count__corner:nom_slow_1p08V_125C,0
design__max_fanout_violation__count__corner:nom_slow_1p08V_125C,1
design__max_cap_violation__count__corner:nom_slow_1p08V_125C,0
clock__skew__worst_hold__corner:nom_slow_1p08V_125C,-0.2660484408082912
clock__skew__worst_setup__corner:nom_slow_1p08V_125C,0.2660484408082912
timing__hold__ws__corner:nom_slow_1p08V_125C,0.6551953609551648
timing__setup__ws__corner:nom_slow_1p08V_125C,11.185955589523447
timing__hold__tns__corner:nom_slow_1p08V_125C,0.0
timing__setup__tns__corner:nom_slow_1p08V_125C,0.0
timing__hold__wns__corner:nom_slow_1p08V_125C,0
timing__setup__wns__corner:nom_slow_1p08V_125C,0.0
timing__hold_vio__count__corner:nom_slow_1p08V_125C,0
timing__hold_r2r__ws__corner:nom_slow_1p08V_125C,0.655195
timing__hold_r2r_vio__count__corner:nom_slow_1p08V_125C,0
timing__setup_vio__count__corner:nom_slow_1p08V_125C,0
timing__setup_r2r__ws__corner:nom_slow_1p08V_125C,14.102324
timing__setup_r2r_vio__count__corner:nom_slow_1p08V_125C,0
design__max_slew_violation__count__corner:nom_typ_1p20V_25C,0
design__max_fanout_violation__count__corner:nom_typ_1p20V_25C,1
design__max_cap_violation__count__corner:nom_typ_1p20V_25C,0
clock__skew__worst_hold__corner:nom_typ_1p20V_25C,-0.26461572571006814
clock__skew__worst_setup__corner:nom_typ_1p20V_25C,0.26497607635847725
timing__hold__ws__corner:nom_typ_1p20V_25C,0.31343561966378225
timing__setup__ws__corner:nom_typ_1p20V_25C,12.900424205127477
timing__hold__tns__corner:nom_typ_1p20V_25C,0.0
timing__setup__tns__corner:nom_typ_1p20V_25C,0.0
timing__hold__wns__corner:nom_typ_1p20V_25C,0
timing__setup__wns__corner:nom_typ_1p20V_25C,0.0
timing__hold_vio__count__corner:nom_typ_1p20V_25C,0
timing__hold_r2r__ws__corner:nom_typ_1p20V_25C,0.313436
timing__hold_r2r_vio__count__corner:nom_typ_1p20V_25C,0
timing__setup_vio__count__corner:nom_typ_1p20V_25C,0
timing__setup_r2r__ws__corner:nom_typ_1p20V_25C,16.202541
timing__setup_r2r_vio__count__corner:nom_typ_1p20V_25C,0
design__max_slew_violation__count,0
design__max_fanout_violation__count,1
design__max_cap_violation__count,0
clock__skew__worst_hold,-0.26414848833694027
clock__skew__worst_setup,0.26497607635847725
timing__hold__ws,0.12581308573286767
timing__setup__ws,11.185955589523447
timing__hold__tns,0.0
timing__setup__tns,0.0
timing__hold__wns,0
timing__setup__wns,0.0
timing__hold_vio__count,0
timing__hold_r2r__ws,0.125813
timing__hold_r2r_vio__count,0
timing__setup_vio__count,0
timing__setup_r2r__ws,14.102324
timing__setup_r2r_vio__count,0
design__die__bbox,0.0 0.0 202.08 154.98
design__core__bbox,2.88 3.78 199.2 151.2
design__io,45
design__die__area,31318.4
design__core__area,28941.5
design__instance__count__stdcell,1532
design__instance__area__stdcell,23231.6
design__instance__count__macros,0
design__instance__area__macros,0
design__instance__count__padcells,0
design__instance__area__padcells,0
design__instance__count__cover,0
design__instance__area__cover,0
design__instance__utilization,0.802708
design__instance__utilization__stdcell,0.802708
design__rows,39
design__rows:CoreSite,39
design__sites,15951
design__sites:CoreSite,15951
design__instance__count__class:buffer,1
design__instance__area__class:buffer,7.2576
design__instance__count__class:inverter,48
design__instance__area__class:inverter,261.274
design__instance__count__class:sequential_cell,172
design__instance__area__class:sequential_cell,8426.07
design__instance__count__class:multi_input_combinational_cell,926
design__instance__area__class:multi_input_combinational_cell,8458.73
flow__warnings__count,1
flow__errors__count,0
flow__warnings__type_count,1
flow__warnings__count:ORD-0039,1
design__power_grid_violation__count__net:VPWR,0
design__power_grid_violation__count__net:VGND,0
design__power_grid_violation__count,0
flow__warnings__count:GPL-0302,1
timing__drv__floating__nets,0
timing__drv__floating__pins,0
design__instance__displacement__total,2477.38
design__instance__displacement__mean,1.617
design__instance__displacement__max,16.68
route__wirelength__estimated,39183.3
design__violations,0
design__instance__count__class:timing_repair_buffer,324
design__instance__area__class:timing_repair_buffer,4138.65
design__instance__count__class:clock_buffer,49
design__instance__area__class:clock_buffer,1874.28
design__instance__count__class:clock_inverter,12
design__instance__area__class:clock_inverter,65.3184
design__instance__count__setup_buffer,0
design__instance__count__hold_buffer,197
global_route__vias,9797
global_route__wirelength,64807
antenna__violating__nets,0
antenna__violating__pins,0
route__antenna_violation__count,0
antenna_diodes_count,0
route__net,1539
route__net__special,2
route__drc_errors__iter:0,418
route__wirelength__iter:0,43840
route__drc_errors__iter:1,196
route__wirelength__iter:1,43639
route__drc_errors__iter:2,198
route__wirelength__iter:2,43650
route__drc_errors__iter:3,2
route__wirelength__iter:3,43634
route__drc_errors__iter:4,0
route__wirelength__iter:4,43634
route__drc_errors,0
route__wirelength,43634
route__vias,9461
route__vias__singlecut,9461
route__vias__multicut,0
flow__warnings__count:DRT-0349,10
design__disconnected_pin__count,2
design__critical_disconnected_pin__count,0
route__wirelength__max,417.515
design__instance__count__class:fill_cell,1015
design__instance__area__class:fill_cell,5709.92
timing__unannotated_net__count__corner:nom_fast_1p32V_m40C,14
timing__unannotated_net_filtered__count__corner:nom_fast_1p32V_m40C,0
timing__unannotated_net__count__corner:nom_slow_1p08V_125C,14
timing__unannotated_net_filtered__count__corner:nom_slow_1p08V_125C,0
timing__unannotated_net__count__corner:nom_typ_1p20V_25C,14
timing__unannotated_net_filtered__count__corner:nom_typ_1p20V_25C,0
timing__unannotated_net__count,14
timing__unannotated_net_filtered__count,0
design_powergrid__voltage__worst__net:VPWR__corner:nom_typ_1p20V_25C,1.19695
design_powergrid__drop__average__net:VPWR__corner:nom_typ_1p20V_25C,1.19993
design_powergrid__drop__worst__net:VPWR__corner:nom_typ_1p20V_25C,0.00304877
design_powergrid__voltage__worst__net:VGND__corner:nom_typ_1p20V_25C,0.000408675
design_powergrid__drop__average__net:VGND__corner:nom_typ_1p20V_25C,0.000060497
design_powergrid__drop__worst__net:VGND__corner:nom_typ_1p20V_25C,0.000408675
design_powergrid__voltage__worst,0.000408675
design_powergrid__voltage__worst__net:VPWR,1.19695
design_powergrid__drop__worst,0.00304877
design_powergrid__drop__worst__net:VPWR,0.00304877
design_powergrid__voltage__worst__net:VGND,0.000408675
design_powergrid__drop__worst__net:VGND,0.000408675
ir__voltage__worst,1.1999999999999999555910790149937383830547332763671875
ir__drop__avg,0.0000689999999999999966658614791725767645402811467647552490234375
ir__drop__worst,0.0030500000000000001935951399190116717363707721233367919921875
magic__drc_error__count,0
magic__illegal_overlap__count,0
design__lvs_device_difference__count,0
design__lvs_net_difference__count,0
design__lvs_property_fail__count,0
design__lvs_error__count,0
design__lvs_unmatched_device__count,0
design__lvs_unmatched_net__count,0
design__lvs_unmatched_pin__count,0
